[
	{
		"date": 1701046080,
		"action": "placed",
		"name": "virtual_stigmata",
		"to_rank": 499,
		"from_rank": null,
		"above": "shinigami",
		"below": "corrupted_volume"
	},
	{
		"date": 1701075960,
		"action": "placed",
		"name": "very_rusty_pipeline",
		"to_rank": 264,
		"from_rank": null,
		"above": "omicron",
		"below": "delta_interface"
	},
	{
		"date": 1701075960,
		"action": "placed",
		"name": "gateway",
		"to_rank": 531,
		"from_rank": null,
		"above": "goldcrest_palace",
		"below": "esencia"
	},
	{
		"date": 1701075960,
		"action": "raised",
		"name": "future_demon_machine",
		"to_rank": 581,
		"from_rank": 835,
		"above": "metal_requiem",
		"below": "welcome_to_gd_news"
	},
	{
		"date": 1701111420,
		"action": "placed",
		"name": "poocu4ever",
		"to_rank": 323,
		"from_rank": null,
		"above": "prisma",
		"below": "berserk"
	},
	{
		"date": 1701111420,
		"action": "placed",
		"name": "ice_carbon_diablo_x",
		"to_rank": 856,
		"from_rank": null,
		"above": null,
		"below": "gunslinga_corridor"
	},
	{
		"date": 1701111420,
		"action": "placed",
		"name": "iwannakillthekamilia",
		"to_rank": 857,
		"from_rank": null,
		"above": null,
		"below": "ice_carbon_diablo_x"
	},
	{
		"date": 1701133260,
		"action": "placed",
		"name": "midnight",
		"to_rank": 30,
		"from_rank": null,
		"above": "tartarus",
		"below": "sonic_wave_infinity"
	},
	{
		"date": 1701133260,
		"action": "placed",
		"name": "cicatrize",
		"to_rank": 103,
		"from_rank": null,
		"above": "coral_cave",
		"below": "knights_of_thunder"
	},
	{
		"date": 1701133260,
		"action": "placed",
		"name": "sewers",
		"to_rank": 170,
		"from_rank": null,
		"above": "golden_club",
		"below": "sink"
	},
	{
		"date": 1701133260,
		"action": "placed",
		"name": "neurostasis",
		"to_rank": 216,
		"from_rank": null,
		"above": "sunset_sandstorm",
		"below": "nightshade"
	},
	{
		"date": 1701133260,
		"action": "placed",
		"name": "once_again",
		"to_rank": 706,
		"from_rank": null,
		"above": "napalm",
		"below": "gloss"
	},
	{
		"date": 1701133260,
		"action": "lowered",
		"name": "gangimari",
		"to_rank": 731,
		"from_rank": 491,
		"above": "kub",
		"below": "deception_dive"
	},
	{
		"date": 1701323340,
		"action": "raised",
		"name": "delta",
		"to_rank": 38,
		"from_rank": 45,
		"above": "damascus",
		"below": "shukketsu"
	},
	{
		"date": 1701323340,
		"action": "raised",
		"name": "amalgam",
		"to_rank": 63,
		"from_rank": 65,
		"above": "cognition",
		"below": "shimmer"
	},
	{
		"date": 1701323340,
		"action": "placed",
		"name": "tenochtitlan",
		"to_rank": 148,
		"from_rank": null,
		"above": "eternal_moment",
		"below": "requiem"
	},
	{
		"date": 1701323340,
		"action": "lowered",
		"name": "network_vandervals",
		"to_rank": 158,
		"from_rank": 153,
		"above": "spacial_rend",
		"below": "gamma"
	},
	{
		"date": 1701323340,
		"action": "lowered",
		"name": "power_grid",
		"to_rank": 158,
		"from_rank": 145,
		"above": "spacial_rend",
		"below": "network_vandervals"
	},
	{
		"date": 1701562320,
		"action": "lowered",
		"name": "descent_into_exile",
		"to_rank": 86,
		"from_rank": 83,
		"above": "corrodere",
		"below": "silent_club"
	},
	{
		"date": 1701562320,
		"action": "lowered",
		"name": "power_grid",
		"to_rank": 195,
		"from_rank": 158,
		"above": "xo",
		"below": "cersia_difficult"
	},
	{
		"date": 1701641340,
		"action": "raised",
		"name": "ego_killing",
		"to_rank": 135,
		"from_rank": 138,
		"above": "cridium",
		"below": "friday"
	},
	{
		"date": 1701641340,
		"action": "placed",
		"name": "illusion",
		"to_rank": 332,
		"from_rank": null,
		"above": "eternal_entropy",
		"below": "the_sulphur_sea"
	},
	{
		"date": 1701756120,
		"action": "raised",
		"name": "instinct_krazyman50real",
		"to_rank": 68,
		"from_rank": 76,
		"above": "lucid_nightmares",
		"below": "sary_never_clear"
	},
	{
		"date": 1701756120,
		"action": "lowered",
		"name": "molten_core",
		"to_rank": 206,
		"from_rank": 172,
		"above": "cersia_madness",
		"below": "brkmgb8gjcz"
	},
	{
		"date": 1701756120,
		"action": "lowered",
		"name": "stereo_extremeness",
		"to_rank": 328,
		"from_rank": 227,
		"above": "prisma",
		"below": "poocu4ever"
	},
	{
		"date": 1701813120,
		"action": "lowered",
		"name": "cicatrize",
		"to_rank": 142,
		"from_rank": 103,
		"above": "aquatic_auroras",
		"below": "fever_dream"
	},
	{
		"date": 1701813120,
		"action": "raised",
		"name": "cersia_madness",
		"to_rank": 176,
		"from_rank": 207,
		"above": "sonic_wave_rebirth",
		"below": "encrypted"
	},
	{
		"date": 1701813120,
		"action": "lowered",
		"name": "erebus_platnuu",
		"to_rank": 384,
		"from_rank": 342,
		"above": "ruber_cash_22",
		"below": "faded_dream"
	},
	{
		"date": 1701846300,
		"action": "lowered",
		"name": "eyes_in_the_water",
		"to_rank": 17,
		"from_rank": 8,
		"above": "the_hallucination",
		"below": "saul_goodman"
	},
	{
		"date": 1701846300,
		"action": "lowered",
		"name": "dance_of_the_violins",
		"to_rank": 156,
		"from_rank": 126,
		"above": "network_vandervals",
		"below": "gamma"
	},
	{
		"date": 1701939300,
		"action": "placed",
		"name": "th3dev0n",
		"to_rank": 153,
		"from_rank": null,
		"above": "beyond_hell",
		"below": "random_access_memory"
	},
	{
		"date": 1701939300,
		"action": "placed",
		"name": "obscura",
		"to_rank": 166,
		"from_rank": null,
		"above": "cybernetic_crescent",
		"below": "ryft"
	},
	{
		"date": 1702024680,
		"action": "raised",
		"name": "ram",
		"to_rank": 134,
		"from_rank": 148,
		"above": "cridium",
		"below": "ego_killing"
	},
	{
		"date": 1702024680,
		"action": "lowered",
		"name": "eternal_moment",
		"to_rank": 151,
		"from_rank": 148,
		"above": "random_access_memory",
		"below": "sparkling"
	},
	{
		"date": 1702024680,
		"action": "raised",
		"name": "xronier",
		"to_rank": 213,
		"from_rank": 294,
		"above": "erebus_boldstep",
		"below": "instinct_itshybrid"
	},
	{
		"date": 1702118760,
		"action": "placed",
		"name": "jigsaw",
		"to_rank": 37,
		"from_rank": null,
		"above": "shukketsu",
		"below": "verdant_landscape"
	},
	{
		"date": 1702118760,
		"action": "lowered",
		"name": "amalgam",
		"to_rank": 66,
		"from_rank": 64,
		"above": "trotil",
		"below": "cosmic_cyclone"
	},
	{
		"date": 1702118760,
		"action": "placed",
		"name": "hot_rod",
		"to_rank": 388,
		"from_rank": null,
		"above": "ruber_cash_22",
		"below": "erebus_platnuu"
	},
	{
		"date": 1702118760,
		"action": "raised",
		"name": "gateway",
		"to_rank": 471,
		"from_rank": 541,
		"above": "game_over",
		"below": "omorfia"
	},
	{
		"date": 1702422720,
		"action": "tolegacy",
		"name": "tenochtitlan",
		"to_rank": 868,
		"from_rank": 148,
		"above": "hate_war",
		"below": "iwannakillthekamilia"
	},
	{
		"date": 1702422720,
		"action": "raised",
		"name": "mayhem",
		"to_rank": 22,
		"from_rank": 27,
		"above": "combustion",
		"below": "edge_of_destiny"
	},
	{
		"date": 1702422720,
		"action": "lowered",
		"name": "saryyx_never_clear",
		"to_rank": 34,
		"from_rank": 32,
		"above": "trueffet",
		"below": "the_golden"
	},
	{
		"date": 1702422720,
		"action": "raised",
		"name": "th3dev0n",
		"to_rank": 127,
		"from_rank": 153,
		"above": "plasma_pulse_finale",
		"below": "arctic_lights"
	},
	{
		"date": 1702422720,
		"action": "raised",
		"name": "gustavo_fring",
		"to_rank": 129,
		"from_rank": 141,
		"above": "frozen_cave",
		"below": "plasma_pulse_finale"
	},
	{
		"date": 1702625520,
		"action": "raised",
		"name": "amalgam",
		"to_rank": 64,
		"from_rank": 66,
		"above": "cognition",
		"below": "shimmer"
	},
	{
		"date": 1702625520,
		"action": "raised",
		"name": "directions",
		"to_rank": 65,
		"from_rank": 76,
		"above": "cognition",
		"below": "amalgam"
	},
	{
		"date": 1702625520,
		"action": "raised",
		"name": "cicatrize",
		"to_rank": 116,
		"from_rank": 144,
		"above": "nhelv",
		"below": "untitled_unmastered"
	},
	{
		"date": 1702625520,
		"action": "raised",
		"name": "obscura",
		"to_rank": 151,
		"from_rank": 166,
		"above": "sparkling",
		"below": "mirrored_calamity"
	},
	{
		"date": 1702763640,
		"action": "lowered",
		"name": "knights_of_thunder",
		"to_rank": 111,
		"from_rank": 103,
		"above": "dump",
		"below": "sigma"
	},
	{
		"date": 1702763640,
		"action": "lowered",
		"name": "alpha_baa_x",
		"to_rank": 445,
		"from_rank": 426,
		"above": "betrayal_of_fate",
		"below": "blade_of_justice"
	},
	{
		"date": 1702887780,
		"action": "tolegacy",
		"name": "connect",
		"to_rank": 867,
		"from_rank": 85,
		"above": "tenochtitlan",
		"below": "iwannakillthekamilia"
	},
	{
		"date": 1702887780,
		"action": "lowered",
		"name": "midnight",
		"to_rank": 34,
		"from_rank": 30,
		"above": "trueffet",
		"below": "saryyx_never_clear"
	},
	{
		"date": 1702947960,
		"action": "lowered",
		"name": "slaughterhouse",
		"to_rank": 6,
		"from_rank": 4,
		"above": "sakupen_circles",
		"below": "kyouki"
	},
	{
		"date": 1702947960,
		"action": "swapped",
		"name": "deimos_endlevel",
		"to_rank": 104,
		"from_rank": 105,
		"above": "pagoda",
		"below": null
	},
	{
		"date": 1702962240,
		"action": "placed",
		"name": "crackhead_circles",
		"to_rank": 39,
		"from_rank": null,
		"above": "delta",
		"below": "shukketsu"
	},
	{
		"date": 1702962240,
		"action": "placed",
		"name": "belladonna",
		"to_rank": 43,
		"from_rank": null,
		"above": "network_agat3",
		"below": "aerial_gleam"
	},
	{
		"date": 1702962240,
		"action": "raised",
		"name": "critical_heat",
		"to_rank": 45,
		"from_rank": 52,
		"above": "zodiac",
		"below": "network_agat3"
	},
	{
		"date": 1702962240,
		"action": "placed",
		"name": "conclusion",
		"to_rank": 84,
		"from_rank": null,
		"above": "escape_room",
		"below": "congregation"
	},
	{
		"date": 1702962240,
		"action": "placed",
		"name": "atmos",
		"to_rank": 120,
		"from_rank": null,
		"above": "neon_skyline",
		"below": "nhelv"
	},
	{
		"date": 1702962240,
		"action": "placed",
		"name": "kjdf8314jlfssf",
		"to_rank": 123,
		"from_rank": null,
		"above": "sand_sailor",
		"below": "kowareta"
	},
	{
		"date": 1702962240,
		"action": "placed",
		"name": "scream_machine",
		"to_rank": 132,
		"from_rank": null,
		"above": "th3dev0n",
		"below": "arctic_lights"
	},
	{
		"date": 1702962240,
		"action": "fromlegacy",
		"name": "connect",
		"to_rank": 172,
		"from_rank": 873,
		"above": "cybernetic_crescent",
		"below": "ryft"
	},
	{
		"date": 1702962240,
		"action": "placed",
		"name": "turn_the_lights_off",
		"to_rank": 217,
		"from_rank": null,
		"above": "kuzureta",
		"below": "misfire"
	},
	{
		"date": 1702962240,
		"action": "fromlegacy",
		"name": "tenochtitlan",
		"to_rank": 236,
		"from_rank": 875,
		"above": "tapwreck",
		"below": "celestial_force"
	},
	{
		"date": 1702962240,
		"action": "lowered",
		"name": "ouroboros_startpos_2",
		"to_rank": 310,
		"from_rank": 252,
		"above": "quantum_processing",
		"below": "the_hell_field"
	},
	{
		"date": 1702962240,
		"action": "placed",
		"name": "reactor_core",
		"to_rank": 324,
		"from_rank": null,
		"above": "disaster_dive",
		"below": "rate_demon"
	},
	{
		"date": 1702962240,
		"action": "placed",
		"name": "vexatious",
		"to_rank": 678,
		"from_rank": null,
		"above": "iridium",
		"below": "headlock"
	},
	{
		"date": 1702962240,
		"action": "placed",
		"name": "hopping_over_puddles",
		"to_rank": 720,
		"from_rank": null,
		"above": "once_again",
		"below": "gloss"
	},
	{
		"date": 1703036340,
		"action": "raised",
		"name": "my_worst_demon_level",
		"to_rank": 388,
		"from_rank": 438,
		"above": "vivacious",
		"below": "i_hate_you"
	},
	{
		"date": 1703036340,
		"action": "raised",
		"name": "triadic_trials",
		"to_rank": 460,
		"from_rank": 508,
		"above": "artifice",
		"below": "help"
	},
	{
		"date": 1703036340,
		"action": "raised",
		"name": "apex",
		"to_rank": 579,
		"from_rank": 664,
		"above": "agen_wida",
		"below": "we_are_not_the_same_2p"
	},
	{
		"date": 1703121360,
		"action": "lowered",
		"name": "the_hell_field",
		"to_rank": 373,
		"from_rank": 309,
		"above": "glitched_memories",
		"below": "dolos"
	},
	{
		"date": 1703121360,
		"action": "lowered",
		"name": "the_hell_zone",
		"to_rank": 408,
		"from_rank": 314,
		"above": "infernal_abyss",
		"below": "endless_dream"
	},
	{
		"date": 1703121360,
		"action": "lowered",
		"name": "the_hell_inferno",
		"to_rank": 426,
		"from_rank": 349,
		"above": "envy",
		"below": "advanced_airstream"
	},
	{
		"date": 1703121360,
		"action": "lowered",
		"name": "the_hell_dignity",
		"to_rank": 638,
		"from_rank": 575,
		"above": "evangelion",
		"below": "falling_maze"
	},
	{
		"date": 1703316420,
		"action": "lowered",
		"name": "belladonna",
		"to_rank": 52,
		"from_rank": 43,
		"above": "promethean",
		"below": "neutra"
	},
	{
		"date": 1703316420,
		"action": "raised",
		"name": "conclusion",
		"to_rank": 75,
		"from_rank": 84,
		"above": "rust",
		"below": "widestep"
	},
	{
		"date": 1703491680,
		"action": "placed",
		"name": "deadlier_clubstep",
		"to_rank": 29,
		"from_rank": null,
		"above": "sonic_wave_infinity",
		"below": "sinister_silence"
	},
	{
		"date": 1703590680,
		"action": "placed",
		"name": "ZOOOOOOOOOOOOOOOOOOM",
		"to_rank": 786,
		"from_rank": null,
		"above": "voided",
		"below": "alcatraz"
	},
	{
		"date": 1703695080,
		"action": "placed",
		"name": "redemption_arc",
		"to_rank": 723,
		"from_rank": null,
		"above": "napalm",
		"below": "once_again"
	},
	{
		"date": 1703695080,
		"action": "placed",
		"name": "smash",
		"to_rank": 737,
		"from_rank": null,
		"above": "empanadas_fugaces",
		"below": "rtx_on"
	},
	{
		"date": 1703747460,
		"action": "lowered",
		"name": "crackhead_circles",
		"to_rank": 55,
		"from_rank": 40,
		"above": "thinking_space",
		"below": "fragile"
	},
	{
		"date": 1703747460,
		"action": "placed",
		"name": "pandemonium_cersia",
		"to_rank": 122,
		"from_rank": null,
		"above": "neon_skyline",
		"below": "atmos"
	},
	{
		"date": 1703841840,
		"action": "tolegacy",
		"name": "frizzantino_vibes",
		"to_rank": 883,
		"from_rank": 827,
		"above": "hate_war",
		"below": "iwannakillthekamilia"
	},
	{
		"date": 1704340140,
		"action": "swapped",
		"name": "kocmoc",
		"to_rank": 9,
		"from_rank": 10,
		"above": "firework",
		"below": null
	},
	{
		"date": 1704340140,
		"action": "raised",
		"name": "saryyx_never_clear",
		"to_rank": 31,
		"from_rank": 34,
		"above": "tartarus",
		"below": "sonic_wave_infinity"
	},
	{
		"date": 1704340140,
		"action": "raised",
		"name": "damascus",
		"to_rank": 37,
		"from_rank": 41,
		"above": "verdant_landscape",
		"below": "trueffet"
	},
	{
		"date": 1704340140,
		"action": "lowered",
		"name": "jigsaw",
		"to_rank": 44,
		"from_rank": 39,
		"above": "zodiac",
		"below": "critical_heat"
	},
	{
		"date": 1704340140,
		"action": "raised",
		"name": "esfera",
		"to_rank": 46,
		"from_rank": 49,
		"above": "kenos",
		"below": "zodiac"
	},
	{
		"date": 1704340140,
		"action": "raised",
		"name": "terminal_rampancy",
		"to_rank": 48,
		"from_rank": 50,
		"above": "keres",
		"below": "kenos"
	},
	{
		"date": 1704340140,
		"action": "raised",
		"name": "widestep",
		"to_rank": 62,
		"from_rank": 75,
		"above": "crimson_planet",
		"below": "cold_sweat"
	},
	{
		"date": 1704340140,
		"action": "lowered",
		"name": "amalgam",
		"to_rank": 72,
		"from_rank": 68,
		"above": "sary_never_clear",
		"below": "trotil"
	},
	{
		"date": 1704340140,
		"action": "raised",
		"name": "jupiter_my_favourite",
		"to_rank": 94,
		"from_rank": 112,
		"above": "kappa",
		"below": "the_rupture"
	},
	{
		"date": 1704340140,
		"action": "raised",
		"name": "coral_cave",
		"to_rank": 99,
		"from_rank": 107,
		"above": "jesse_pinkman",
		"below": "fog"
	},
	{
		"date": 1704340140,
		"action": "lowered",
		"name": "kjdf8314jlfssf",
		"to_rank": 128,
		"from_rank": 125,
		"above": "akira",
		"below": "farthest_outpost"
	},
	{
		"date": 1704340140,
		"action": "raised",
		"name": "friday",
		"to_rank": 132,
		"from_rank": 143,
		"above": "visible_ray",
		"below": "ourwa"
	},
	{
		"date": 1704340140,
		"action": "raised",
		"name": "excruciation_chamber",
		"to_rank": 134,
		"from_rank": 150,
		"above": "arctic_lights",
		"below": "visible_ray"
	},
	{
		"date": 1704769620,
		"action": "raised",
		"name": "scream_machine",
		"to_rank": 75,
		"from_rank": 136,
		"above": "lucid_nightmares",
		"below": "instinct_krazyman50real"
	},
	{
		"date": 1704911820,
		"action": "placed",
		"name": "electric_forest",
		"to_rank": 544,
		"from_rank": null,
		"above": "annihilation_nation",
		"below": "burn_to_dust"
	},
	{
		"date": 1705107900,
		"action": "lowered",
		"name": "obscura",
		"to_rank": 831,
		"from_rank": 158,
		"above": "penombre",
		"below": "a8o_x"
	},
	{
		"date": 1705355520,
		"action": "placed",
		"name": "bete_noire",
		"to_rank": 213,
		"from_rank": null,
		"above": "memories",
		"below": "quantum_theory"
	},
	{
		"date": 1705407300,
		"action": "placed",
		"name": "crystal_crusher_2p",
		"to_rank": 613,
		"from_rank": null,
		"above": "grill_kill",
		"below": "unearthed"
	},
	{
		"date": 1705752900,
		"action": "placed",
		"name": "water_demon",
		"to_rank": 492,
		"from_rank": null,
		"above": "under_lavaland",
		"below": "azurite_royen"
	},
	{
		"date": 1705752900,
		"action": "lowered",
		"name": "reverence",
		"to_rank": 738,
		"from_rank": 638,
		"above": "uplink",
		"below": "broken_signal"
	},
	{
		"date": 1705752900,
		"action": "placed",
		"name": "artificial_climb",
		"to_rank": 860,
		"from_rank": null,
		"above": "sephtis",
		"below": "based_gang_2p"
	},
	{
		"date": 1705808760,
		"action": "lowered",
		"name": "deadlier_clubstep",
		"to_rank": 31,
		"from_rank": 29,
		"above": "tartarus",
		"below": "saryyx_never_clear"
	},
	{
		"date": 1705808760,
		"action": "placed",
		"name": "ploink",
		"to_rank": 138,
		"from_rank": null,
		"above": "plasma_pulse_finale",
		"below": "th3dev0n"
	},
	{
		"date": 1705808760,
		"action": "placed",
		"name": "yggdrasil",
		"to_rank": 670,
		"from_rank": null,
		"above": "to_the_stars_ii",
		"below": "artificial_dream"
	},
	{
		"date": 1705951200,
		"action": "raised",
		"name": "ZOOOOOOOOOOOOOOOOOOM",
		"to_rank": 742,
		"from_rank": 794,
		"above": "rtx_on",
		"below": "uplink"
	},
	{
		"date": 1705993560,
		"action": "lowered",
		"name": "cridium",
		"to_rank": 151,
		"from_rank": 148,
		"above": "fever_dream",
		"below": "fragmented"
	},
	{
		"date": 1705993560,
		"action": "raised",
		"name": "ch1ll_puddy",
		"to_rank": 648,
		"from_rank": 769,
		"above": "firepower_mrlorenzo",
		"below": "totem"
	},
	{
		"date": 1706071440,
		"action": "lowered",
		"name": "codependence_solo",
		"to_rank": 11,
		"from_rank": 8,
		"above": "limbo",
		"below": "minusdry"
	},
	{
		"date": 1706071440,
		"action": "lowered",
		"name": "akira",
		"to_rank": 145,
		"from_rank": 130,
		"above": "ego_killing",
		"below": "calamity"
	},
	{
		"date": 1706220480,
		"action": "placed",
		"name": "booh",
		"to_rank": 820,
		"from_rank": null,
		"above": "cataclysm",
		"below": "unknown_civilization"
	},
	{
		"date": 1706220480,
		"action": "placed",
		"name": "Horros_2p",
		"to_rank": 875,
		"from_rank": null,
		"above": "pictured_as_perfect",
		"below": "twitch_denan"
	},
	{
		"date": 1706475840,
		"action": "raised",
		"name": "jigsaw",
		"to_rank": 39,
		"from_rank": 44,
		"above": "shukketsu",
		"below": "verdant_landscape"
	},
	{
		"date": 1706475840,
		"action": "lowered",
		"name": "pandemonium_cersia",
		"to_rank": 150,
		"from_rank": 123,
		"above": "cridium",
		"below": "fragmented"
	},
	{
		"date": 1706503380,
		"action": "tolegacy",
		"name": "ice_carbon_diablo_x",
		"to_rank": 891,
		"from_rank": 890,
		"above": "frizzantino_vibes",
		"below": "iwannakillthekamilia"
	},
	{
		"date": 1706689740,
		"action": "placed",
		"name": "hardry",
		"to_rank": 131,
		"from_rank": null,
		"above": "friday",
		"below": "ourwa"
	},
	{
		"date": 1706780460,
		"action": "placed",
		"name": "microsoft_drivethru",
		"to_rank": 600,
		"from_rank": null,
		"above": "libertas",
		"below": "marathon"
	},
	{
		"date": 1706780460,
		"action": "placed",
		"name": "dismay_novaach",
		"to_rank": 889,
		"from_rank": null,
		"above": "cerebral_torment",
		"below": "delirium_tremens"
	},
	{
		"date": 1706937420,
		"action": "raised",
		"name": "crackhead_circles",
		"to_rank": 51,
		"from_rank": 55,
		"above": "neutra",
		"below": "frost_spirit"
	},
	{
		"date": 1706937420,
		"action": "raised",
		"name": "microsoft_drivethru",
		"to_rank": 410,
		"from_rank": 600,
		"above": "endless_dream",
		"below": "abandoned_planet"
	},
	{
		"date": 1706937420,
		"action": "placed",
		"name": "nemesis",
		"to_rank": 536,
		"from_rank": null,
		"above": "aurora",
		"below": "tempest_tornado"
	},
	{
		"date": 1707417420,
		"action": "raised",
		"name": "neon_skyline",
		"to_rank": 115,
		"from_rank": 123,
		"above": "knights_of_thunder",
		"below": "sigma"
	},
	{
		"date": 1707417420,
		"action": "raised",
		"name": "pandemonium_cersia",
		"to_rank": 133,
		"from_rank": 151,
		"above": "visible_ray",
		"below": "friday"
	},
	{
		"date": 1707417420,
		"action": "placed",
		"name": "it_back",
		"to_rank": 836,
		"from_rank": null,
		"above": "place",
		"below": "dark_odyssey"
	},
	{
		"date": 1707417420,
		"action": "placed",
		"name": "tesseract",
		"to_rank": 858,
		"from_rank": null,
		"above": "raindance",
		"below": "duplication"
	},
	{
		"date": 1707544740,
		"action": "raised",
		"name": "belladonna",
		"to_rank": 26,
		"from_rank": 53,
		"above": "oblivion",
		"below": "arcturus"
	},
	{
		"date": 1707702420,
		"action": "raised",
		"name": "atmos",
		"to_rank": 117,
		"from_rank": 123,
		"above": "dump",
		"below": "knights_of_thunder"
	},
	{
		"date": 1707702420,
		"action": "lowered",
		"name": "artificial_ascent",
		"to_rank": 310,
		"from_rank": 294,
		"above": "dualies",
		"below": "snowfall_fiesta"
	},
	{
		"date": 1707702420,
		"action": "placed",
		"name": "death",
		"to_rank": 331,
		"from_rank": null,
		"above": "never_beat_it",
		"below": "spectrum_rave"
	},
	{
		"date": 1707937020,
		"action": "tolegacy",
		"name": "iwannakillthekamilia",
		"to_rank": 897,
		"from_rank": 897,
		"above": "ice_carbon_diablo_x",
		"below": "gunslinga_corridor"
	},
	{
		"date": 1707937020,
		"action": "tolegacy",
		"name": "dismay_novaach",
		"to_rank": 896,
		"from_rank": 893,
		"above": "iwannakillthekamilia",
		"below": "gunslinga_corridor"
	},
	{
		"date": 1707937020,
		"action": "raised",
		"name": "ploink",
		"to_rank": 119,
		"from_rank": 138,
		"above": "ithacropolix",
		"below": "dump"
	},
	{
		"date": 1707937020,
		"action": "placed",
		"name": "dsink",
		"to_rank": 125,
		"from_rank": null,
		"above": "kowareta",
		"below": "nhelv"
	},
	{
		"date": 1707937020,
		"action": "lowered",
		"name": "kjdf8314jlfssf",
		"to_rank": 151,
		"from_rank": 130,
		"above": "fragmented",
		"below": "nevermore"
	},
	{
		"date": 1707937020,
		"action": "placed",
		"name": "stratus",
		"to_rank": 846,
		"from_rank": null,
		"above": "torgue",
		"below": "forbidden_isle"
	},
	{
		"date": 1708177500,
		"action": "raised",
		"name": "damascus",
		"to_rank": 32,
		"from_rank": 38,
		"above": "deadlier_clubstep",
		"below": "saryyx_never_clear"
	},
	{
		"date": 1708177500,
		"action": "raised",
		"name": "welcome_to_gd_news",
		"to_rank": 591,
		"from_rank": 608,
		"above": "chopstep",
		"below": "disentombed"
	},
	{
		"date": 1708232940,
		"action": "placed",
		"name": "tidal_wave",
		"to_rank": 1,
		"from_rank": null,
		"above": null,
		"below": null
	},
	{
		"date": 1708232940,
		"action": "raised",
		"name": "conclusion",
		"to_rank": 67,
		"from_rank": 78,
		"above": "calculator_core",
		"below": "sky_shredder"
	},
	{
		"date": 1708232940,
		"action": "placed",
		"name": "collapse",
		"to_rank": 346,
		"from_rank": null,
		"above": "black_blizzard",
		"below": "prisma"
	},
	{
		"date": 1708396500,
		"action": "raised",
		"name": "sonic_wave_infinity",
		"to_rank": 28,
		"from_rank": 31,
		"above": "oblivion",
		"below": "belladonna"
	},
	{
		"date": 1708396500,
		"action": "lowered",
		"name": "hard_machine",
		"to_rank": 36,
		"from_rank": 30,
		"above": "the_golden",
		"below": "walter_white"
	},
	{
		"date": 1708578420,
		"action": "tolegacy",
		"name": "swarm",
		"to_rank": 899,
		"from_rank": 898,
		"above": "dismay_novaach",
		"below": "gunslinga_corridor"
	},
	{
		"date": 1708578420,
		"action": "tolegacy",
		"name": "gunslinga_corridor",
		"to_rank": 898,
		"from_rank": 898,
		"above": "swarm",
		"below": "cerebral_torment"
	},
	{
		"date": 1708648620,
		"action": "placed",
		"name": "aether_zerosr",
		"to_rank": 429,
		"from_rank": null,
		"above": "turbulent_valley",
		"below": "mystic"
	},
	{
		"date": 1708648620,
		"action": "placed",
		"name": "float",
		"to_rank": 551,
		"from_rank": null,
		"above": "blue_suns_zenith",
		"below": "quaoar_viprin"
	},
	{
		"date": 1708648620,
		"action": "placed",
		"name": "no_ember",
		"to_rank": 589,
		"from_rank": null,
		"above": "qdynamix",
		"below": "n0"
	},
	{
		"date": 1708648620,
		"action": "placed",
		"name": "rayovac",
		"to_rank": 793,
		"from_rank": null,
		"above": "vermilion",
		"below": "faith"
	},
	{
		"date": 1708648620,
		"action": "placed",
		"name": "komodo",
		"to_rank": 875,
		"from_rank": null,
		"above": "bang_gang_2p",
		"below": "memories_iii"
	},
	{
		"date": 1708811460,
		"action": "lowered",
		"name": "limbo",
		"to_rank": 15,
		"from_rank": 13,
		"above": "poocubed",
		"below": "deimos_itshybrid"
	},
	{
		"date": 1708811460,
		"action": "raised",
		"name": "of_ambrosia",
		"to_rank": 160,
		"from_rank": 172,
		"above": "controller",
		"below": "requiem"
	},
	{
		"date": 1708811460,
		"action": "lowered",
		"name": "memories",
		"to_rank": 414,
		"from_rank": 218,
		"above": "endless_dream",
		"below": "microsoft_drivethru"
	},
	{
		"date": 1708811460,
		"action": "raised",
		"name": "hopping_over_puddles",
		"to_rank": 683,
		"from_rank": 737,
		"above": "up_and_down",
		"below": "to_the_stars_ii"
	},
	{
		"date": 1708940220,
		"action": "raised",
		"name": "midnight",
		"to_rank": 34,
		"from_rank": 38,
		"above": "tartarus",
		"below": "deadlier_clubstep"
	},
	{
		"date": 1708940220,
		"action": "placed",
		"name": "moving_forward",
		"to_rank": 150,
		"from_rank": null,
		"above": "spectrum_cyclone",
		"below": "ram"
	},
	{
		"date": 1708940220,
		"action": "placed",
		"name": "xray",
		"to_rank": 179,
		"from_rank": null,
		"above": "cybernetic_crescent",
		"below": "connect"
	},
	{
		"date": 1709081220,
		"action": "raised",
		"name": "moving_forward",
		"to_rank": 113,
		"from_rank": 150,
		"above": "atomic_cannon",
		"below": "pagoda"
	},
	{
		"date": 1709081220,
		"action": "lowered",
		"name": "turn_the_lights_off",
		"to_rank": 355,
		"from_rank": 224,
		"above": "hatred",
		"below": "sector_19"
	},
	{
		"date": 1709190600,
		"action": "swapped",
		"name": "asterios",
		"to_rank": 102,
		"from_rank": 103,
		"above": "jesse_pinkman",
		"below": null
	},
	{
		"date": 1709190600,
		"action": "placed",
		"name": "supreme_demon_mix",
		"to_rank": 437,
		"from_rank": null,
		"above": "advanced_airstream",
		"below": "oneattempt"
	},
	{
		"date": 1709190600,
		"action": "placed",
		"name": "event_horizon",
		"to_rank": 552,
		"from_rank": null,
		"above": "callisto",
		"below": "universe_on_fire"
	},
	{
		"date": 1709421360,
		"action": "placed",
		"name": "eon",
		"to_rank": 622,
		"from_rank": null,
		"above": "mecha_mayhem",
		"below": "codependence_2p"
	},
	{
		"date": 1709618280,
		"action": "lowered",
		"name": "delta_interface",
		"to_rank": 286,
		"from_rank": 283,
		"above": "vaenstep",
		"below": "tempered_steel"
	},
	{
		"date": 1709618280,
		"action": "raised",
		"name": "metal_requiem",
		"to_rank": 519,
		"from_rank": 619,
		"above": "loose_screws",
		"below": "down_bass"
	},
	{
		"date": 1709802120,
		"action": "raised",
		"name": "twilight",
		"to_rank": 106,
		"from_rank": 115,
		"above": "citra",
		"below": "no_jokes"
	},
	{
		"date": 1709898480,
		"action": "lowered",
		"name": "oblivion",
		"to_rank": 35,
		"from_rank": 29,
		"above": "walter_white",
		"below": "tartarus"
	},
	{
		"date": 1710280620,
		"action": "raised",
		"name": "tunnel_of_despair",
		"to_rank": 10,
		"from_rank": 20,
		"above": "firework",
		"below": "kocmoc"
	},
	{
		"date": 1710386220,
		"action": "lowered",
		"name": "fusiondynamix",
		"to_rank": 205,
		"from_rank": 130,
		"above": "edge_of_the_blade",
		"below": "x0"
	},
	{
		"date": 1710386220,
		"action": "placed",
		"name": "basil",
		"to_rank": 336,
		"from_rank": null,
		"above": "thunderzone",
		"below": "balengu_vortex"
	},
	{
		"date": 1710736920,
		"action": "swapped",
		"name": "tunnel_of_despair",
		"to_rank": 9,
		"from_rank": 10,
		"above": "kocmoc",
		"below": null
	},
	{
		"date": 1710808260,
		"action": "placed",
		"name": "me_when_machine_gang_solo",
		"to_rank": 81,
		"from_rank": null,
		"above": "shardscapes",
		"below": "atomic_cannon_mk_ii"
	},
	{
		"date": 1710808260,
		"action": "raised",
		"name": "ruler_of_everything",
		"to_rank": 480,
		"from_rank": 528,
		"above": "sticks_for_bones",
		"below": "sapphire_angel"
	},
	{
		"date": 1710808260,
		"action": "placed",
		"name": "eternal_dreams",
		"to_rank": 600,
		"from_rank": null,
		"above": "apex",
		"below": "we_are_not_the_same_2p"
	},
	{
		"date": 1710984600,
		"action": "raised",
		"name": "terminal_rampancy",
		"to_rank": 48,
		"from_rank": 50,
		"above": "esfera",
		"below": "zodiac"
	},
	{
		"date": 1710984600,
		"action": "lowered",
		"name": "reactor_core",
		"to_rank": 344,
		"from_rank": 329,
		"above": "poocu4ever",
		"below": "berserk"
	},
	{
		"date": 1710984600,
		"action": "raised",
		"name": "supercharged",
		"to_rank": 488,
		"from_rank": 492,
		"above": "neighborhood",
		"below": "atmosphere"
	},
	{
		"date": 1710984600,
		"action": "placed",
		"name": "boreas",
		"to_rank": 845,
		"from_rank": null,
		"above": "terrorcore",
		"below": "the_ultimate_phase"
	},
	{
		"date": 1711196460,
		"action": "raised",
		"name": "jigsaw",
		"to_rank": 35,
		"from_rank": 41,
		"above": "oblivion",
		"below": "tartarus"
	},
	{
		"date": 1711196460,
		"action": "raised",
		"name": "thunderzone",
		"to_rank": 237,
		"from_rank": 337,
		"above": "reeses_potentially",
		"below": "altered_ascent"
	},
	{
		"date": 1711315140,
		"action": "raised",
		"name": "black_blizzard",
		"to_rank": 306,
		"from_rank": 349,
		"above": "edelweiss",
		"below": "occult_outcry"
	},
	{
		"date": 1711510440,
		"action": "placed",
		"name": "deogen",
		"to_rank": 507,
		"from_rank": null,
		"above": "under_lavaland",
		"below": "water_demon"
	},
	{
		"date": 1711606440,
		"action": "lowered",
		"name": "congregation",
		"to_rank": 95,
		"from_rank": 88,
		"above": "the_rupture",
		"below": "omega_interface"
	},
	{
		"date": 1711606440,
		"action": "lowered",
		"name": "power_grid",
		"to_rank": 330,
		"from_rank": 211,
		"above": "disaster_dive",
		"below": "rate_demon"
	},
	{
		"date": 1711700880,
		"action": "lowered",
		"name": "me_when_machine_gang_solo",
		"to_rank": 86,
		"from_rank": 81,
		"above": "ragnarok",
		"below": "horros_solo"
	},
	{
		"date": 1711700880,
		"action": "lowered",
		"name": "mystic_bounds",
		"to_rank": 912,
		"from_rank": 910,
		"above": null,
		"below": "cerebral_torment"
	},
	{
		"date": 1711772340,
		"action": "lowered",
		"name": "me_when_machine_gang_solo",
		"to_rank": 89,
		"from_rank": 86,
		"above": "launchpad_labyrinth",
		"below": "torn"
	},
	{
		"date": 1711772340,
		"action": "raised",
		"name": "cerebral_torment",
		"to_rank": 894,
		"from_rank": 911,
		"above": "niwa",
		"below": "phantasmagoria_janucha"
	},
	{
		"date": 1711833780,
		"action": "lowered",
		"name": "dump",
		"to_rank": 136,
		"from_rank": 121,
		"above": "visible_ray",
		"below": "pandemonium_cersia"
	},
	{
		"date": 1711833780,
		"action": "raised",
		"name": "basil",
		"to_rank": 227,
		"from_rank": 338,
		"above": "erebus_boldstep",
		"below": "xronier"
	},
	{
		"date": 1712021880,
		"action": "placed",
		"name": "worstbrainmap",
		"to_rank": 123,
		"from_rank": null,
		"above": "the_yandere",
		"below": "ithacropolix"
	},
	{
		"date": 1712021880,
		"action": "raised",
		"name": "nhelv",
		"to_rank": 124,
		"from_rank": 127,
		"above": "the_yandere",
		"below": "worstbrainmap"
	},
	{
		"date": 1712200500,
		"action": "swapped",
		"name": "solar_flare",
		"to_rank": 20,
		"from_rank": 21,
		"above": "the_hallucination",
		"below": null
	},
	{
		"date": 1712200500,
		"action": "swapped",
		"name": "sinister_silence",
		"to_rank": 28,
		"from_rank": 29,
		"above": "sonic_wave_infinity",
		"below": null
	},
	{
		"date": 1712302140,
		"action": "tolegacy",
		"name": "pictured_as_perfect",
		"to_rank": 913,
		"from_rank": 903,
		"above": "gunslinga_corridor",
		"below": "mystic_bounds"
	},
	{
		"date": 1712382420,
		"action": "placed",
		"name": "barbarosfinalefinale",
		"to_rank": 108,
		"from_rank": null,
		"above": "citra",
		"below": "twilight"
	},
	{
		"date": 1712382420,
		"action": "lowered",
		"name": "disaster_dive",
		"to_rank": 432,
		"from_rank": 334,
		"above": "madmansion",
		"below": "team_z"
	},
	{
		"date": 1712638980,
		"action": "lowered",
		"name": "hard_machine",
		"to_rank": 47,
		"from_rank": 38,
		"above": "terminal_rampancy",
		"below": "zodiac"
	},
	{
		"date": 1712638980,
		"action": "raised",
		"name": "lotus_flower",
		"to_rank": 57,
		"from_rank": 61,
		"above": "thinking_space",
		"below": "fragile"
	},
	{
		"date": 1712638980,
		"action": "placed",
		"name": "siniristi",
		"to_rank": 518,
		"from_rank": null,
		"above": "oopz",
		"below": "helix"
	},
	{
		"date": 1712824140,
		"action": "placed",
		"name": "sunk",
		"to_rank": 492,
		"from_rank": null,
		"above": "poltergeist_reborn",
		"below": "neighborhood"
	},
	{
		"date": 1712824140,
		"action": "placed",
		"name": "absurdia",
		"to_rank": 793,
		"from_rank": null,
		"above": "fish_fish_godmode",
		"below": "retention"
	},
	{
		"date": 1712974560,
		"action": "lowered",
		"name": "worstbrainmap",
		"to_rank": 141,
		"from_rank": 124,
		"above": "th3dev0n",
		"below": "arctic_lights"
	},
	{
		"date": 1712974560,
		"action": "raised",
		"name": "dimensional_breaking",
		"to_rank": 243,
		"from_rank": 464,
		"above": "ddiamond",
		"below": "chromatic_haze"
	},
	{
		"date": 1713253080,
		"action": "raised",
		"name": "fragile",
		"to_rank": 52,
		"from_rank": 56,
		"above": "frost_spirit",
		"below": "keres"
	},
	{
		"date": 1713253080,
		"action": "lowered",
		"name": "kowareta",
		"to_rank": 133,
		"from_rank": 129,
		"above": "hardry",
		"below": "ourwa"
	},
	{
		"date": 1713253080,
		"action": "placed",
		"name": "lovel",
		"to_rank": 359,
		"from_rank": null,
		"above": "turn_the_lights_off",
		"below": "sector_19"
	},
	{
		"date": 1713400320,
		"action": "lowered",
		"name": "the_yandere",
		"to_rank": 139,
		"from_rank": 125,
		"above": "arctic_lights",
		"below": "excruciation_chamber"
	},
	{
		"date": 1713400320,
		"action": "placed",
		"name": "cicada3302",
		"to_rank": 917,
		"from_rank": null,
		"above": "mystic_bounds",
		"below": "delirium_tremens"
	},
	{
		"date": 1713755460,
		"action": "placed",
		"name": "oxi",
		"to_rank": 795,
		"from_rank": null,
		"above": "fish_fish_godmode",
		"below": "absurdia"
	},
	{
		"date": 1713819240,
		"action": "raised",
		"name": "tenochtitlan",
		"to_rank": 194,
		"from_rank": 247,
		"above": "sonic_wave_rebirth",
		"below": "cersia_madness"
	},
	{
		"date": 1713819240,
		"action": "placed",
		"name": "overkill",
		"to_rank": 265,
		"from_rank": null,
		"above": "jamboree",
		"below": "freedom08"
	},
	{
		"date": 1713822420,
		"action": "raised",
		"name": "overkill",
		"to_rank": 151,
		"from_rank": 265,
		"above": "ego_killing",
		"below": "akira"
	},
	{
		"date": 1713908760,
		"action": "raised",
		"name": "belladonna",
		"to_rank": 21,
		"from_rank": 27,
		"above": "the_hallucination",
		"below": "solar_flare"
	},
	{
		"date": 1713908760,
		"action": "lowered",
		"name": "neurostasis",
		"to_rank": 353,
		"from_rank": 238,
		"above": "illusion",
		"below": "the_sulphur_sea"
	},
	{
		"date": 1713997920,
		"action": "lowered",
		"name": "barbarosfinalefinale",
		"to_rank": 110,
		"from_rank": 108,
		"above": "gracefully",
		"below": "sazerix"
	},
	{
		"date": 1713997920,
		"action": "raised",
		"name": "bete_noire",
		"to_rank": 186,
		"from_rank": 223,
		"above": "edge_of_the_world",
		"below": "macabre"
	},
	{
		"date": 1714145400,
		"action": "lowered",
		"name": "jeongi",
		"to_rank": 888,
		"from_rank": 373,
		"above": "a9blue",
		"below": "air_tech"
	},
	{
		"date": 1714258440,
		"action": "placed",
		"name": "reaper_lair",
		"to_rank": 720,
		"from_rank": null,
		"above": "red_world_rebirth",
		"below": "a4ucked_up"
	},
	{
		"date": 1714947600,
		"action": "raised",
		"name": "climax",
		"to_rank": 45,
		"from_rank": 60,
		"above": "critical_heat",
		"below": "network_agat3"
	},
	{
		"date": 1714947600,
		"action": "raised",
		"name": "connect",
		"to_rank": 131,
		"from_rank": 181,
		"above": "ourwa",
		"below": "ouroboros"
	},
	{
		"date": 1714971960,
		"action": "placed",
		"name": "atomic_cannon_mk_iii",
		"to_rank": 43,
		"from_rank": null,
		"above": "aerial_gleam",
		"below": "delta"
	},
	{
		"date": 1714971960,
		"action": "placed",
		"name": "marlboro_reds",
		"to_rank": 858,
		"from_rank": null,
		"above": "proteus",
		"below": "shimmering_chamber"
	},
	{
		"date": 1715125200,
		"action": "lowered",
		"name": "overkill",
		"to_rank": 234,
		"from_rank": 153,
		"above": "retention_rush",
		"below": "delebit_oblivio"
	},
	{
		"date": 1715125200,
		"action": "placed",
		"name": "hades",
		"to_rank": 883,
		"from_rank": null,
		"above": "decay",
		"below": "overlord"
	},
	{
		"date": 1715491860,
		"action": "raised",
		"name": "pandemonium_cersia",
		"to_rank": 97,
		"from_rank": 137,
		"above": "the_rupture",
		"below": "congregation"
	},
	{
		"date": 1715491860,
		"action": "placed",
		"name": "techno_flashes",
		"to_rank": 499,
		"from_rank": null,
		"above": "monstercat",
		"below": "bloodbath"
	},
	{
		"date": 1715688420,
		"action": "lowered",
		"name": "trueffet",
		"to_rank": 42,
		"from_rank": 39,
		"above": "atomic_cannon_mk_iii",
		"below": "delta"
	},
	{
		"date": 1715842560,
		"action": "placed",
		"name": "falsch",
		"to_rank": 884,
		"from_rank": null,
		"above": "hades",
		"below": "overlord"
	},
	{
		"date": 1715938800,
		"action": "raised",
		"name": "stereo_extremeness",
		"to_rank": 304,
		"from_rank": 350,
		"above": "future_chaos",
		"below": "quantum_dynamix"
	},
	{
		"date": 1715938800,
		"action": "placed",
		"name": "ion",
		"to_rank": 906,
		"from_rank": null,
		"above": "high_heat",
		"below": "flappy_dynamix_ii"
	},
	{
		"date": 1716179460,
		"action": "lowered",
		"name": "codependence_solo",
		"to_rank": 23,
		"from_rank": 13,
		"above": "mayhem",
		"below": "edge_of_destiny"
	},
	{
		"date": 1716268800,
		"action": "raised",
		"name": "th3dev0n",
		"to_rank": 141,
		"from_rank": 144,
		"above": "the_yandere",
		"below": "excruciation_chamber"
	},
	{
		"date": 1716268800,
		"action": "lowered",
		"name": "encrypted",
		"to_rank": 342,
		"from_rank": 194,
		"above": "bass_cave",
		"below": "balengu_vortex"
	},
	{
		"date": 1716277680,
		"action": "raised",
		"name": "the_ultimate_phase",
		"to_rank": 767,
		"from_rank": 855,
		"above": "broken_signal",
		"below": "any_percent"
	},
	{
		"date": 1716278760,
		"action": "tolegacy",
		"name": "virtual_stigmata",
		"to_rank": 927,
		"from_rank": 544,
		"above": "pictured_as_perfect",
		"below": "mystic_bounds"
	},
	{
		"date": 1716524280,
		"action": "raised",
		"name": "corrodere",
		"to_rank": 81,
		"from_rank": 94,
		"above": "atomic_cannon_mk_ii",
		"below": "rust"
	},
	{
		"date": 1716524280,
		"action": "placed",
		"name": "quadratic_function",
		"to_rank": 784,
		"from_rank": null,
		"above": "deception_dive",
		"below": "nightlights"
	},
	{
		"date": 1716704640,
		"action": "raised",
		"name": "climax",
		"to_rank": 42,
		"from_rank": 46,
		"above": "trueffet",
		"below": "delta"
	},
	{
		"date": 1716704640,
		"action": "lowered",
		"name": "hardry",
		"to_rank": 152,
		"from_rank": 136,
		"above": "ego_killing",
		"below": "akira"
	},
	{
		"date": 1716712500,
		"action": "placed",
		"name": "advent_aurora",
		"to_rank": 478,
		"from_rank": null,
		"above": "help",
		"below": "last_stop"
	},
	{
		"date": 1716712500,
		"action": "placed",
		"name": "lotus",
		"to_rank": 753,
		"from_rank": null,
		"above": "tuapeka",
		"below": "trollmachine"
	},
	{
		"date": 1716712500,
		"action": "placed",
		"name": "clock_tower",
		"to_rank": 840,
		"from_rank": null,
		"above": "phantasmagoria_whlt",
		"below": "miscellaneous_memory"
	},
	{
		"date": 1716800580,
		"action": "placed",
		"name": "rainbow_girl",
		"to_rank": 287,
		"from_rank": null,
		"above": "abel",
		"below": "rgb"
	},
	{
		"date": 1716800580,
		"action": "placed",
		"name": "insane_techniques",
		"to_rank": 323,
		"from_rank": null,
		"above": "ouroboros_startpos_2",
		"below": "night_rider"
	},
	{
		"date": 1716893160,
		"action": "raised",
		"name": "walter_white",
		"to_rank": 26,
		"from_rank": 37,
		"above": "unknown",
		"below": "combustion"
	},
	{
		"date": 1717091340,
		"action": "raised",
		"name": "up_and_down",
		"to_rank": 585,
		"from_rank": 702,
		"above": "pure_vale",
		"below": "penultimate_phase"
	},
	{
		"date": 1717091340,
		"action": "raised",
		"name": "fingerdash_v3",
		"to_rank": 690,
		"from_rank": 751,
		"above": "necropolix",
		"below": "sl8o"
	},
	{
		"date": 1717191660,
		"action": "raised",
		"name": "atomic_cannon_mk_iii",
		"to_rank": 40,
		"from_rank": 44,
		"above": "shukketsu",
		"below": "verdant_landscape"
	},
	{
		"date": 1717191660,
		"action": "swapped",
		"name": "conclusion",
		"to_rank": 67,
		"from_rank": 68,
		"above": "sky_shredder",
		"below": null
	},
	{
		"date": 1717266720,
		"action": "raised",
		"name": "deadlier_clubstep",
		"to_rank": 28,
		"from_rank": 33,
		"above": "arcturus",
		"below": "unknown"
	},
	{
		"date": 1717310280,
		"action": "raised",
		"name": "fragmented",
		"to_rank": 147,
		"from_rank": 158,
		"above": "chroma_finale",
		"below": "frozen_cave"
	},
	{
		"date": 1717310280,
		"action": "lowered",
		"name": "kjdf8314jlfssf",
		"to_rank": 160,
		"from_rank": 158,
		"above": "aquatic_auroras",
		"below": "fever_dream"
	},
	{
		"date": 1717310280,
		"action": "raised",
		"name": "cicada3302",
		"to_rank": 840,
		"from_rank": 931,
		"above": "explosion",
		"below": "light_travel"
	},
	{
		"date": 1717438680,
		"action": "placed",
		"name": "the_paroxysm_of_rage",
		"to_rank": 42,
		"from_rank": null,
		"above": "delta",
		"below": "shukketsu"
	},
	{
		"date": 1717438680,
		"action": "lowered",
		"name": "misfire",
		"to_rank": 323,
		"from_rank": 227,
		"above": "insane_techniques",
		"below": "night_rider"
	},
	{
		"date": 1717480860,
		"action": "lowered",
		"name": "sodium",
		"to_rank": 509,
		"from_rank": 379,
		"above": "moment",
		"below": "barbaros_finale"
	},
	{
		"date": 1717480860,
		"action": "lowered",
		"name": "painful_playland",
		"to_rank": 752,
		"from_rank": 442,
		"above": "wacky_mcwhackface_v2",
		"below": "tech_manifestation"
	},
	{
		"date": 1717614360,
		"action": "placed",
		"name": "dust_bowl",
		"to_rank": 149,
		"from_rank": null,
		"above": "chroma_finale",
		"below": "fragmented"
	},
	{
		"date": 1717726800,
		"action": "placed",
		"name": "remember",
		"to_rank": 481,
		"from_rank": null,
		"above": "help",
		"below": "advent_aurora"
	},
	{
		"date": 1717726800,
		"action": "placed",
		"name": "ogue",
		"to_rank": 917,
		"from_rank": null,
		"above": "phantasmagoria_janucha",
		"below": "high_heat"
	},
	{
		"date": 1718062260,
		"action": "raised",
		"name": "delta",
		"to_rank": 41,
		"from_rank": 43,
		"above": "shukketsu",
		"below": "atomic_cannon_mk_iii"
	},
	{
		"date": 1718062260,
		"action": "placed",
		"name": "motor_mogok",
		"to_rank": 516,
		"from_rank": null,
		"above": "azurite_royen",
		"below": "electrolux"
	},
	{
		"date": 1718094780,
		"action": "raised",
		"name": "low_death",
		"to_rank": 311,
		"from_rank": 410,
		"above": "occult_outcry",
		"below": "gentlemens_clique_solo"
	},
	{
		"date": 1718094780,
		"action": "placed",
		"name": "neon_mixtape_tour",
		"to_rank": 679,
		"from_rank": null,
		"above": "totem",
		"below": "heartbeat"
	},
	{
		"date": 1718391240,
		"action": "lowered",
		"name": "chroma_finale",
		"to_rank": 152,
		"from_rank": 150,
		"above": "calamity",
		"below": "repentless"
	},
	{
		"date": 1718391240,
		"action": "raised",
		"name": "iris_of_a_puppeteer",
		"to_rank": 184,
		"from_rank": 207,
		"above": "xray",
		"below": "ryft"
	},
	{
		"date": 1718401560,
		"action": "placed",
		"name": "psychopath",
		"to_rank": 29,
		"from_rank": null,
		"above": "arcturus",
		"below": "deadlier_clubstep"
	},
	{
		"date": 1718483160,
		"action": "lowered",
		"name": "avernus",
		"to_rank": 4,
		"from_rank": 2,
		"above": "abyss_of_darkness",
		"below": "silent_clubstep"
	},
	{
		"date": 1719036480,
		"action": "tolegacy",
		"name": "tesseract",
		"to_rank": 939,
		"from_rank": 902,
		"above": "virtual_stigmata",
		"below": "mystic_bounds"
	},
	{
		"date": 1719036480,
		"action": "lowered",
		"name": "pingas21",
		"to_rank": 273,
		"from_rank": 202,
		"above": "imaphone",
		"below": "fifty_three"
	},
	{
		"date": 1719086640,
		"action": "lowered",
		"name": "the_paroxysm_of_rage",
		"to_rank": 49,
		"from_rank": 44,
		"above": "zodiac",
		"below": "critical_heat"
	},
	{
		"date": 1719086640,
		"action": "raised",
		"name": "xray",
		"to_rank": 139,
		"from_rank": 186,
		"above": "dump",
		"below": "friday"
	},
	{
		"date": 1719213060,
		"action": "placed",
		"name": "destruction_19",
		"to_rank": 54,
		"from_rank": null,
		"above": "kenos",
		"below": "esfera"
	},
	{
		"date": 1719213060,
		"action": "raised",
		"name": "sticks_for_bones",
		"to_rank": 362,
		"from_rank": 491,
		"above": "illusion",
		"below": "neurostasis"
	},
	{
		"date": 1719213060,
		"action": "raised",
		"name": "gateway",
		"to_rank": 376,
		"from_rank": 508,
		"above": "hyper_paradox",
		"below": "cadrega_mode"
	},
	{
		"date": 1719292860,
		"action": "tolegacy",
		"name": "triangular",
		"to_rank": 939,
		"from_rank": 674,
		"above": "tesseract",
		"below": "mystic_bounds"
	},
	{
		"date": 1719292860,
		"action": "raised",
		"name": "the_mainframe",
		"to_rank": 249,
		"from_rank": 254,
		"above": "celestial_force",
		"below": "dubkore_x"
	},
	{
		"date": 1719292860,
		"action": "lowered",
		"name": "the_old_trail",
		"to_rank": 461,
		"from_rank": 332,
		"above": "vendetta",
		"below": "falcon16"
	},
	{
		"date": 1719352140,
		"action": "swapped",
		"name": "kenos",
		"to_rank": 54,
		"from_rank": 55,
		"above": "destruction_19",
		"below": null
	},
	{
		"date": 1719472680,
		"action": "raised",
		"name": "marlboro_reds",
		"to_rank": 845,
		"from_rank": 871,
		"above": "light_travel",
		"below": "incipient"
	},
	{
		"date": 1719472680,
		"action": "fromlegacy",
		"name": "devils_disco",
		"to_rank": 859,
		"from_rank": 955,
		"above": "hidden_in_the_sand",
		"below": "meltdown"
	},
	{
		"date": 1719706800,
		"action": "placed",
		"name": "dry_out_copyable_2",
		"to_rank": 58,
		"from_rank": null,
		"above": "frost_spirit",
		"below": "fragile"
	},
	{
		"date": 1719706800,
		"action": "placed",
		"name": "ykds1479ymdppr",
		"to_rank": 84,
		"from_rank": null,
		"above": "rust",
		"below": "lucid_nightmares"
	},
	{
		"date": 1719790380,
		"action": "raised",
		"name": "terminal_rampancy",
		"to_rank": 44,
		"from_rank": 52,
		"above": "climax",
		"below": "shukketsu"
	},
	{
		"date": 1719790380,
		"action": "raised",
		"name": "scream_machine",
		"to_rank": 72,
		"from_rank": 82,
		"above": "sky_shredder",
		"below": "conclusion"
	},
	{
		"date": 1719881100,
		"action": "raised",
		"name": "tunnel_of_despair",
		"to_rank": 7,
		"from_rank": 9,
		"above": "slaughterhouse",
		"below": "kyouki"
	},
	{
		"date": 1719953820,
		"action": "raised",
		"name": "neutra",
		"to_rank": 56,
		"from_rank": 61,
		"above": "keres",
		"below": "destruction_19"
	},
	{
		"date": 1720089060,
		"action": "fromlegacy",
		"name": "tesseract",
		"to_rank": 905,
		"from_rank": 943,
		"above": "raindance",
		"below": "duplication"
	},
	{
		"date": 1720370400,
		"action": "raised",
		"name": "neon_skyline",
		"to_rank": 115,
		"from_rank": 126,
		"above": "citra",
		"below": "twilight"
	},
	{
		"date": 1720373640,
		"action": "lowered",
		"name": "worstbrainmap",
		"to_rank": 150,
		"from_rank": 149,
		"above": "gustavo_fring",
		"below": "plasma_pulse_finale"
	},
	{
		"date": 1720494720,
		"action": "raised",
		"name": "dry_out_copyable_2",
		"to_rank": 57,
		"from_rank": 59,
		"above": "keres",
		"below": "neutra"
	},
	{
		"date": 1720542420,
		"action": "placed",
		"name": "through_time",
		"to_rank": 338,
		"from_rank": null,
		"above": "crystal",
		"below": "nightmare_chasm"
	},
	{
		"date": 1720542420,
		"action": "placed",
		"name": "cheyenne",
		"to_rank": 457,
		"from_rank": null,
		"above": "removed_submission",
		"below": "carnage_mode"
	},
	{
		"date": 1720542420,
		"action": "placed",
		"name": "flamethrower",
		"to_rank": 609,
		"from_rank": null,
		"above": "solstice",
		"below": "novalis"
	},
	{
		"date": 1720542420,
		"action": "placed",
		"name": "brainrot",
		"to_rank": 665,
		"from_rank": null,
		"above": "sunburn",
		"below": "ninobytte"
	},
	{
		"date": 1720542420,
		"action": "placed",
		"name": "imitation_game",
		"to_rank": 720,
		"from_rank": null,
		"above": "glide",
		"below": "out_of_chaos"
	},
	{
		"date": 1720542420,
		"action": "placed",
		"name": "pixelsonic",
		"to_rank": 848,
		"from_rank": null,
		"above": "crowd_control",
		"below": "glisten"
	},
	{
		"date": 1720606560,
		"action": "lowered",
		"name": "worstbrainmap",
		"to_rank": 152,
		"from_rank": 150,
		"above": "fragmented",
		"below": "frozen_cave"
	},
	{
		"date": 1720606560,
		"action": "raised",
		"name": "artificial_ascent",
		"to_rank": 306,
		"from_rank": 326,
		"above": "la_cueva",
		"below": "fabrication"
	},
	{
		"date": 1720636620,
		"action": "placed",
		"name": "m_a_n_i_x",
		"to_rank": 817,
		"from_rank": null,
		"above": "fish_fish_godmode",
		"below": "oxi"
	},
	{
		"date": 1720816560,
		"action": "placed",
		"name": "lezicuv",
		"to_rank": 924,
		"from_rank": null,
		"above": "artificial_climb",
		"below": "based_gang_2p"
	},
	{
		"date": 1720865820,
		"action": "placed",
		"name": "happy_pills",
		"to_rank": 828,
		"from_rank": null,
		"above": "cosmic_cluster",
		"below": "falling_up"
	},
	{
		"date": 1720933080,
		"action": "placed",
		"name": "chainsaw",
		"to_rank": 331,
		"from_rank": null,
		"above": "ouroboros_startpos_2",
		"below": "insane_techniques"
	},
	{
		"date": 1720933080,
		"action": "placed",
		"name": "disintegrate",
		"to_rank": 637,
		"from_rank": null,
		"above": "kingslayer",
		"below": "the_antimatter"
	},
	{
		"date": 1720933080,
		"action": "placed",
		"name": "outside_eyesight",
		"to_rank": 901,
		"from_rank": null,
		"above": "doop",
		"below": "snowdrift"
	},
	{
		"date": 1721132400,
		"action": "lowered",
		"name": "rosedynamix",
		"to_rank": 375,
		"from_rank": 228,
		"above": "ultra_violet",
		"below": "furious_flames"
	},
	{
		"date": 1721132400,
		"action": "placed",
		"name": "firepower_kapycta999",
		"to_rank": 901,
		"from_rank": null,
		"above": "outside_eyesight",
		"below": "snowdrift"
	},
	{
		"date": 1721132520,
		"action": "placed",
		"name": "encroaching_dark",
		"to_rank": 946,
		"from_rank": null,
		"above": "acu",
		"below": "Horros_2p"
	},
	{
		"date": 1721167440,
		"action": "raised",
		"name": "excruciation_chamber",
		"to_rank": 111,
		"from_rank": 145,
		"above": "jesse_pinkman",
		"below": "asterios"
	},
	{
		"date": 1721167440,
		"action": "lowered",
		"name": "electrolux",
		"to_rank": 601,
		"from_rank": 522,
		"above": "innards",
		"below": "complementary_cruise"
	},
	{
		"date": 1721167440,
		"action": "placed",
		"name": "fishe",
		"to_rank": 920,
		"from_rank": null,
		"above": "air_tech",
		"below": "make_it_drop"
	},
	{
		"date": 1721208120,
		"action": "placed",
		"name": "menace",
		"to_rank": 12,
		"from_rank": null,
		"above": "minusdry",
		"below": "firework"
	},
	{
		"date": 1721208120,
		"action": "raised",
		"name": "aureole",
		"to_rank": 684,
		"from_rank": 708,
		"above": "falling_maze",
		"below": "cloudscape"
	},
	{
		"date": 1721423676,
		"action": "lowered",
		"name": "fish_fish_godmode",
		"to_rank": 880,
		"from_rank": 821,
		"above": "cosmorush_21",
		"below": "idol19"
	},
	{
		"date": 1721466252,
		"action": "lowered",
		"name": "hot_rod",
		"to_rank": 452,
		"from_rank": 421,
		"above": "oneattempt",
		"below": "darkened"
	},
	{
		"date": 1721496026,
		"action": "placed",
		"name": "unfair_evening",
		"to_rank": 402,
		"from_rank": null,
		"above": "crippled_depression",
		"below": "monstrosity"
	},
	{
		"date": 1721571081,
		"action": "placed",
		"name": "corrosion",
		"to_rank": 914,
		"from_rank": null,
		"above": "hades",
		"below": "falsch"
	},
	{
		"date": 1721648445,
		"action": "lowered",
		"name": "napalm",
		"to_rank": 812,
		"from_rank": 777,
		"above": "ilovecyan",
		"below": "uprise"
	},
	{
		"date": 1721648652,
		"action": "placed",
		"name": "all_in",
		"to_rank": 601,
		"from_rank": null,
		"above": "eko",
		"below": "aftermath"
	},
	{
		"date": 1721651239,
		"action": "lowered",
		"name": "absurdia",
		"to_rank": 840,
		"from_rank": 820,
		"above": "vignette",
		"below": "the_flawless"
	},
	{
		"date": 1721651456,
		"action": "lowered",
		"name": "apparition",
		"to_rank": 706,
		"from_rank": 668,
		"above": "fingerdash_v3",
		"below": "sl8o"
	},
	{
		"date": 1721748896,
		"action": "raised",
		"name": "fingerdash_v3",
		"to_rank": 644,
		"from_rank": 707,
		"above": "libertas",
		"below": "marathon"
	},
	{
		"date": 1721795140,
		"action": "raised",
		"name": "network_agat3",
		"to_rank": 44,
		"from_rank": 49,
		"above": "shukketsu",
		"below": "delta"
	},
	{
		"date": 1721995616,
		"action": "placed",
		"name": "unsaved_changes",
		"to_rank": 485,
		"from_rank": null,
		"above": "blade_of_justice",
		"below": "super_kontik"
	},
	{
		"date": 1721995861,
		"action": "placed",
		"name": "dreaming",
		"to_rank": 789,
		"from_rank": null,
		"above": "broken_signal",
		"below": "the_ultimate_phase"
	},
	{
		"date": 1722000393,
		"action": "placed",
		"name": "intrusive_id",
		"to_rank": 528,
		"from_rank": null,
		"above": "deogen",
		"below": "water_demon"
	},
	{
		"date": 1722000541,
		"action": "placed",
		"name": "infinite_highway",
		"to_rank": 364,
		"from_rank": null,
		"above": "neurostasis",
		"below": "the_sulphur_sea"
	},
	{
		"date": 1722036078,
		"action": "lowered",
		"name": "ZOOOOOOOOOOOOOOOOOOM",
		"to_rank": 845,
		"from_rank": 795,
		"above": "beyond_the_summit",
		"below": "vignette"
	},
	{
		"date": 1722058244,
		"action": "placed",
		"name": "ordinary",
		"to_rank": 55,
		"from_rank": null,
		"above": "kenos",
		"below": "esfera"
	},
	{
		"date": 1722058384,
		"action": "placed",
		"name": "project_nexus",
		"to_rank": 322,
		"from_rank": null,
		"above": "yuh",
		"below": "aesthetic"
	},
	{
		"date": 1722058463,
		"action": "lowered",
		"name": "la_llorona",
		"to_rank": 814,
		"from_rank": 714,
		"above": "dance_til_dawn",
		"below": "sky_tech"
	},
	{
		"date": 1722059242,
		"action": "lowered",
		"name": "ouroboros_startpos_2",
		"to_rank": 429,
		"from_rank": 334,
		"above": "speedrun",
		"below": "dusker_processing"
	},
	{
		"date": 1722072871,
		"action": "raised",
		"name": "project_nexus",
		"to_rank": 313,
		"from_rank": 322,
		"above": "luxtra",
		"below": "future_chaos"
	},
	{
		"date": 1722072913,
		"action": "raised",
		"name": "gbs",
		"to_rank": 189,
		"from_rank": 241,
		"above": "dedohexdragon",
		"below": "the_wiener"
	},
	{
		"date": 1722147362,
		"action": "tolegacy",
		"name": "lezicuv",
		"to_rank": 967,
		"from_rank": 940,
		"above": "triangular",
		"below": "mystic_bounds"
	},
	{
		"date": 1722147708,
		"action": "placed",
		"name": "the_deadlands",
		"to_rank": 311,
		"from_rank": null,
		"above": "stereo_extremeness",
		"below": "quantum_dynamix"
	},
	{
		"date": 1722397011,
		"action": "placed",
		"name": "pootis_engage_xtreme",
		"to_rank": 134,
		"from_rank": null,
		"above": "nhelv",
		"below": "ithacropolix"
	},
	{
		"date": 1722398057,
		"action": "placed",
		"name": "brain_power",
		"to_rank": 768,
		"from_rank": null,
		"above": "pound_town",
		"below": "zenith"
	}
]